年份,学校,专业名称,录取批次,平均分,最低分/最低位次,选科要求
2019,清华大学,法学（含国际班）,本科批,-,693/81,理科
2019,清华大学,临床医学类（协和）（八年医）（含临床医学）,本科批,-,686/165,理科
2019,清华大学,工科试验班类（能源与电气）（含电气工程及其自动化、电气工程及其自动化（能源互联网国际班）、能源与动力工程、能源与动力工程（烽火班）、航空航天类、建筑环境与能源应用工程）,本科批,-,686/165,理科
2019,清华大学,理科试验班类（数理）（含数学与应用数学、物理学、数理基础科学、工程物理、工程物理（能源实验班）、材料科学与工程、航空航天类）,本科批,-,685/185,理科
2019,清华大学,土木类（含土木工程、工程管理、交通工程、水利科学与工程）,本科批,-,684/203,理科
2019,清华大学,计算机类（含计算机科学与技术、计算机科学与技术（计算机科学实验班）、软件工程）,本科批,-,684/203,理科
2019,清华大学,理科试验班类（新雅书院）（含物理学（等各专业））,本科批,-,684/203,理科
2019,清华大学,理科试验班类（化生）（含化学、化学生物学（化生基础科学班）、生物科学、药学、化学工程与工业生物工程、高分子材料与工程、生物医学工程）,本科批,-,683/228,理科
2019,清华大学,电子信息类（含电子信息科学与技术、微电子科学与工程、生物医学工程）,本科批,-,682/251,理科
2019,清华大学,理科试验班类（经济、金融与管理）（含经济与金融（国际班）、会计学、信息管理与信息系统）,本科批,-,682/251,理科
2019,清华大学,电子信息类（含电子信息科学与技术、微电子科学与工程、生物医学工程）,本科批,-,682/251,理科
2019,清华大学,临床医学类（医学实验班）（八年医）（含临床医学）,本科批,-,681/271,理科
2019,清华大学,工科试验班类（环境、化工与新材料）（含环境工程、环境工程（全球环境国际班）高分子材料与工程、化学工程与工业生物工程、材料科学与工程）,本科批,-,681/271,理科
2019,清华大学,建筑类（含建筑学、城乡规划、风景园林）,本科批,-,681/271,理科
2019,北京大学,哲学类（含哲学、宗教学、逻辑学（科技哲学））,本科批,-,693/81,理科
2019,北京大学,理科试验班类（含数学类、物理学类、天文学、化学类、环境科学与工程类、环境科学、城乡规划、地质学类、地球物理学类、心理学类、生物科学类、历史学类、考古学、社会学类、哲学类、国际政治、经济学类、工商管理类、法学类、公共管理类、新闻传播学类、外国语言文学类、艺术史论等）,本科批,-,686/165,理科
2019,北京大学,英语（须加试外语口语，只招英语考生）,本科批,-,685/185,理科
2019,北京大学,物理学类（含物理学、大气科学、核物理（核科学与技术））,本科批,-,685/185,理科
2019,北京大学,化学类（含化学、应用化学、材料化学、化学生物学）,本科批,-,685/185,理科
2019,北京大学,生物科学类（含生物科学、生物技术）,本科批,-,684/203,理科
2019,北京大学,计算机类（含计算机科学与技术、智能科学与技术、数据科学与大数据技术、软件工程）,本科批,-,684/203,理科
2019,北京大学,环境科学（环境、生态、地理与资源环境）,本科批,-,684/203,理科
2019,北京大学,工商管理类（含金融学、经济学（金融）、会计学、市场营销）,本科批,-,684/203,理科
2019,北京大学,国际政治（国政、外交学、国际政经）,本科批,-,683/228,理科
2019,北京大学,法学,本科批,-,682/251,理科
2019,北京大学,城乡规划,本科批,-,682/251,理科
2019,北京大学,中国语言文学类（含汉语言文学、汉语言、古典文献学、应用语言学）,本科批,-,681/271,理科
2019,北京大学,经济学类（含经济学、金融学、国际经济与贸易、保险学、财政学、资源与环境经济学）,本科批,-,681/271,理科
2019,北京大学,数学类（含数学与应用数学（数学）、数学与应用数学（概率统计）、数学与应用数学（科学与工程计算）、数学与应用数学（信息科学）、数学与应用数学（金融）、数据科学与大数据技术）,本科批,-,680/302,理科
2019,浙江大学,工科试验班（电气与自动化，含卓越人才培养班）（含电气工程及其自动化、电子信息工程，相关专业有荷兰埃因霍芬理工大学3+2本硕、巴黎高科国立高等电信学校3+3本硕、佛罗里达大学3+2本硕、伊利诺伊大学厄巴纳香槟分校3+2本硕等联培项目，哈佛大学交流项目）（办学地点：校本部）,本科批,-,677/405,理科
2019,浙江大学,工科试验班（竺可桢学院交叉创新平台）（含机械电子工程、金融学、数学与应用数学、信息管理与信息系统、统计学、会计学，相关专业有耶鲁大学、牛津大学、剑桥大学、新加坡国立大学交流项目）（办学地点：校本部）,本科批,-,675/489,理科
2019,浙江大学,工科试验班（信息）（含计算机科学与技术、信息安全、软件工程、光电信息科学与工程、电子科学与技术、微电子科学与工程、信息工程、自动化、生物医学工程，相关专业有杜克大学3+2本硕、西蒙菲沙大学2+2双学位、瑞典皇家理工学院3+2本硕等联合培养项目，哈佛大学、帝国理工学院、佐治亚理工学院、不列颠哥伦比亚大学、波士顿大学、新加坡国立大学、瑞典斯德哥尔摩大学等校交流项目）（办学地点：校本部）,本科批,-,674/523,理科
2019,浙江大学,理科试验班类（含拔尖人才培养）（含数学与应用数学、信息与计算科学、统计学、物理学、心理学，相关专业有威斯康辛麦迪逊分校3+2本硕、荷兰埃因霍芬理工大学3+2本硕、巴黎萨克雷大学等联合培养项目，美国莱斯大学、多伦多大学、北卡罗莱纳州立大学等校交流项目）（办学地点：校本部）,本科批,-,674/523,理科
2019,浙江大学,医学试验班（八年医）（含临床医学，相关专业有哈佛大学、洛杉矶加州大学匹兹堡大学、布朗大学、慕尼黑大学、不列颠哥伦比亚大学等校交流项目）（办学地点：校本部）,本科批,-,673/577,理科
2019,浙江大学,社会科学试验班（竺可桢学院人文社科实验班、智能财务班）（含古典文献学汉语言文学、哲学、历史学、文物与博物馆学、新闻学、广播电视学、广告学、英语、翻译、德语、法语、西班牙语、日语、俄语、经济学、财政学、金融学、国际经济与贸易、教育学、信息管理与信息系统、会计学、工商管理、社会学、农林经济管理、信息资源管理、政治，相关专业有牛津大学、新加坡国立大学、斯坦福大学交流项目）（办学地点：校本部）,本科批,-,673/577,理科
2019,浙江大学,工科试验班（机械与材料，含卓越人才培养班）（含机械工程、材料科学与工程，相关专业有新加坡国立大学3+1+1本硕、巴黎高科国立高等先进技术学院3+3本硕等联合培养项目，牛津大学、斯坦福大学、新加坡国立大学等校交流项目）（办学地点：校本部）,本科批,-,672/636,理科
2019,上海交通大学,经济管理试验班（含金融学、国际经济与贸易、经济学、工商管理、会计学、人力资源管理、信息管理与信息系统，试验班采用“主修专业+辅修模块”培养模式，即学生在修读1个主修专业（专业不限：人数）的同时，将自主选择修读1个辅修模块，充分尊重学生专业选择的意愿。工商管理含市场营销、商务数据科学方向）（办学地点：校本部）,本科批,-,679/339,理科
2019,上海交通大学,机械类（国际化人才培养试点班）（含机械工程、能源与动力工程，含“钱学森班”（拔尖人才计划）；以及与宾夕法尼亚大学、卡耐基梅隆大学、西北大学、加州大学伯克利分校、普渡大学、多伦多大学、挪威科技大学、瑞典皇家理工学院、慕尼黑工大等校合作的3+1+1本硕连读、2+2双学位、学期交流以及国际联合毕业设计等项目）（办学地点：校本部）,本科批,-,679/339,理科
2019,上海交通大学,理科试验班类（含致远）（含数学与应用数学、统计学、物理学、应用物理学、天文学，含交大-威斯康星大学3+1+1项目（数学与统计学科专业学生可申请）；含物理学“国际化人才培养试点班”交大-杜克大学2+2双学士学位项目（物理学专业学生可申请））（办学地点：校本部）,本科批,-,678/374,理科
2019,上海交通大学,电子信息类（IEEE试点班）（含自动化、计算机科学与技术、信息安全，电子信息类（IEEE试点班）为美国电气和电子工程师协会授权批准的首个试点班，充分利用IEEE协会教育及科研资源，开展国际化办学；含华盛顿大学、俄亥俄州立大学本硕连读项目；新加坡国立大学、威斯康星大学、佛罗里达大学等校学期交流及短期游学项目）（办学地点：校本部）,本科批,-,677/405,理科
2019,复旦大学,经济学类（含荷兰格罗宁根大学双学位项目）（含经济学、金融学、财政学、保险学、经济学（数理经济方向拔尖项目）、经济学（国际项目UIPE）、国际经济与贸易（国际经济学）；含国家公派留学计划及德国哥廷根大学、慕尼黑大学、法国巴黎政治大学等校免学费交流项目）（部分专业课程英语授课，详见复旦大学招生网）,本科批,-,679/339,理科
2019,复旦大学,数学类（拔尖人才培养计划）（含数学与应用数学、信息与计算科学、数据科学与大数据技术）（部分专业课程英语授课，详见复旦大学招生网）,本科批,-,678/374,理科
2019,复旦大学,工科试验班（新工科本研贯通）（含智能科学与技术（卓越班）、微电子科学与工程（卓越班）。本研贯通培养，与澳大利亚莫纳什大学等“2+2”双学位项目，与加拿大多伦多大学、美国佛罗里达大学等“3+1+1”本硕连读项目）（部分专业课程英语授课，详见复旦大学招生网）,本科批,-,678/374,理科
2019,南京大学,理科试验班类（匡亚明学院大理科班）（含物理学类、计算机类、数学类、化学类、生物科学类、天文学类）（办学地点：仙林校区）,本科批,-,671/672,理科
2019,南京大学,人工智能（办学地点：仙林校区）,本科批,-,671/672,理科
2019,南京大学,计算机科学与技术（办学地点：仙林校区）,本科批,-,671/672,理科
2019,南京大学,理科试验班（数理科学类）（含数学与应用数学、信息与计算科学、统计学、物理学、应用物理学、声学、天文学、空间科学与技术、大气科学类）,本科批,-,669/780,理科
2019,南京大学,理科试验班类（化学与生命科学类）（化学与生命科学类，含环境工程、生物科学、生物技术、生态学、化学、应用化学、环境科学（环境规划与管理方向）、环境科学（环境化学与环境生物方向））（办学地点：仙林校区）,本科批,-,668/840,理科
2019,南京大学,软件工程（办学地点：仙林校区）,本科批,-,668/840,理科
2019,南京大学,经济管理试验班（含经济学、金融学、金融工程、保险学、经济学（产业经济学方向）、工商管理、市场营销、会计学、财务管理、电子商务、工商管理（人力资源方向）、国际经济与贸易）（办学地点：仙林校区）,本科批,-,668/840,理科
2019,南京大学,工科试验班（含材料物理、材料化学、新能源科学与工程、光电信息科学与工程、生物医学工程、自动化、工业工程类、建筑学、城乡规划）（办学地点：仙林校区）,本科批,-,667/889,理科
2019,南京大学,电子信息类（含电子信息科学与技术、通信工程、微电子科学与工程、集成电路设计与集成系统）（办学地点：仙林校区）,本科批,-,667/889,理科
2019,中国科学技术大学,理科试验班类（教学改革试点班）（含数学类、物理学类、化学类、地球物理学类、生物科学类、材料类、电子信息类、计算机类、环境科学，少年班学院（00班））,本科批,-,675/489,理科
2019,中国科学技术大学,工科试验班（科技英才班）（含力学类、电子信息类、计算机类，含钱学森力学科技英才班、计算机与信息科技英才班）,本科批,-,675/489,理科
2019,中国科学技术大学,经济管理试验班（含金融学类、管理科学与工程类、工商管理类，含管理科学、金融学、工商管理精英班）,本科批,-,675/489,理科
2019,中国科学技术大学,计算机类（含计算机科学与技术、软件工程）,本科批,-,674/523,理科
2019,中国科学技术大学,化学类（含化学）,本科批,-,674/523,理科
2019,中国科学技术大学,物理学类（含物理学、应用物理学、天文学、光电信息科学与工程、核工程与核技术）,本科批,-,673/577,理科
2019,中国科学技术大学,工科试验班（含力学类、机械类、能源动力类、安全科学与工程类）,本科批,-,672/636,理科
2019,中国科学技术大学,电子信息类（含电子信息工程、电子科学与技术、通信工程、自动化、信息安全）,本科批,-,672/636,理科
2019,中国科学技术大学,数学类（含数学与应用数学、信息与计算科学、统计学）,本科批,-,671/672,理科
2019,中国科学技术大学,理科试验班类（科技英才班）（含数学类、物理学类、化学类、生物科学类，含华罗庚数学科技英才班、严济慈物理科技英才班、卢嘉锡化学科技英才班、贝时璋生命科技英才班）,本科批,-,670/718,理科
2019,中国科学技术大学,材料类（含材料物理、材料化学、高分子材料与工程）,本科批,-,670/718,理科
2019,华中科技大学,计算机科学与技术（计算机卓越计划实验班）（办学地点：主校区）,本科批,-,655/1762,理科
2019,华中科技大学,电子信息工程（电信卓越计划实验班）（办学地点：主校区）,本科批,-,655/1762,理科
2019,华中科技大学,计算机类（含计算机科学与技术、物联网工程）（办学地点：主校区）,本科批,-,655/1762,理科
2019,华中科技大学,光电信息科学与工程（王大珩光电创新实验班）（办学地点：主校区）,本科批,-,654/1858,理科
2019,华中科技大学,电气工程及其自动化（电气卓越计划实验班）（办学地点：主校区）,本科批,-,654/1858,理科
2019,华中科技大学,物理学（严济慈物理学英才班）（办学地点：主校区）,本科批,-,652/2035,理科
2019,华中科技大学,生物科学（贝时璋菁英班）（办学地点：主校区）,本科批,-,650/2216,理科
2019,华中科技大学,机械类（含机械设计制造及其自动化、工业工程、测控技术与仪器（精密类仪器））（办学地点：主校区）,本科批,-,650/2216,理科
2019,华中科技大学,计算机类（含网络空间安全、信息安全。“2+2”培养模式，二年级主校区，三、四年级东西湖区国家网络安全人才培养与创新基地）（办学地点：主校区）,本科批,-,650/2216,理科
2019,华中科技大学,电子信息类（学费待定，含电子信息工程、通信工程、电场与无线技术）（办学地点：主校区）,本科批,-,650/2216,理科
2019,华中科技大学,自动化类（含自动化、测控技术与仪器、物流管理（物流系统工程））（办学地点：主校区）,本科批,-,649/2310,理科
2019,华中科技大学,数学类（含数学与应用数学、信息与计算科学统计学）（办学地点：主校区）,本科批,-,649/2310,理科
2019,华中科技大学,生物科学类（含生物科学（登峰计划班）、生物技术、生物制药、生物科学（国家理科培养基地））（办学地点：主校区）,本科批,-,648/2414,理科
2019,华中科技大学,临床医学（本硕博贯通培养）（八年医）（办学地点：同济校区）,本科批,-,648/2414,理科
2019,华中科技大学,电子信息类（含光电信息科学与工程、集成电路设计与集成系统、电子科学与技术、微电子科学与工程）（办学地点：主校区）,本科批,-,648/2414,理科
2019,华中科技大学,电气工程及其自动化（办学地点：主校区）,本科批,-,648/2414,理科
2019,华中科技大学,土木类（含土木工程、交通工程、工程管理、工程力学）（办学地点：主校区）,本科批,-,647/2512,理科
2019,华中科技大学,能源动力类（含能源与动力工程、新能源科学与工程、核工程与核技术）（办学地点：主校区）,本科批,-,647/2512,理科
2019,华中科技大学,经济学类（含经济学（实验班）、经济统计学、国际经济与贸易）（办学地点：主校区）,本科批,-,647/2512,理科
2019,华中科技大学,环境科学与工程类（含环境工程、给排水科学与工程、建筑环境与能源应用工程）（办学地点：主校区）,本科批,-,647/2512,理科
2019,华中科技大学,海洋工程类（含船舶与海洋工程、轮机工程）（办学地点：主校区）,本科批,-,647/2512,理科
2019,华中科技大学,材料类（含材料科学与工程、材料成型及控制工程、功能材料、电子封装技术）（办学地点：主校区）,本科批,-,647/2512,理科
2019,华中科技大学,口腔医学（办学地点：同济校区）,本科批,-,646/2592,理科
2019,华中科技大学,建筑类（含建筑学、城乡规划、风景园林）（办学地点：主校区）,本科批,-,646/2592,理科
2019,华中科技大学,工商管理类（含工商管理、市场营销、会计学（注册会计师）、财政学（税务）、财务管理）（办学地点：主校区）,本科批,-,646/2592,理科
2019,华中科技大学,飞行器设计与工程（办学地点：主校区）,本科批,-,646/2592,理科
2019,华中科技大学,儿科学（办学地点：同济校区）,本科批,-,646/2592,理科
2019,华中科技大学,临床医学（办学地点：同济校区）,本科批,-,646/2592,理科
2019,华中科技大学,预防医学（办学地点：同济校区）,本科批,-,645/2672,理科
2019,华中科技大学,信息管理与信息系统（医学信息）（办学地点：同济校区）,本科批,-,645/2672,理科
2019,华中科技大学,化学类（含化学、应用化学）（办学地点：主校区）,本科批,-,645/2672,理科
