年份,学校,专业名称,计划招生,学制,学费,选科要求
2019,清华大学,电子信息类,20,四年,0/年,理科
2019,清华大学,工科试验班类（自动化与工业工程）,20,四年,0/年,理科
2019,清华大学,工科试验班类（机械、航空与动力）,19,四年,0/年,理科
2019,清华大学,土木类,16,四年,0/年,理科
2019,清华大学,工科试验班类（环境、化工与新材料）,15,四年,0/年,理科
2019,清华大学,临床医学类（协和）（八年医）,14,八年,0/年,理科
2019,清华大学,工科试验班类（能源与电气）,12,四年,0/年,理科
2019,清华大学,计算机类,12,四年,0/年,理科
2019,清华大学,理科试验班类（数理）,10,四年,0/年,理科
2019,清华大学,理科试验班类（经济、金融与管理）,9,四年,0/年,理科
2019,清华大学,建筑类,8,五年,0/年,理科
2019,清华大学,理科试验班类（化生）,2,四年,0/年,理科
2019,清华大学,理科试验班类（人文与社会）,2,四年,0/年,理科
2019,清华大学,法学,1,四年,0/年,理科
2019,清华大学,理科试验班类,1,四年,0/年,理科
2019,清华大学,临床医学类（八年医）,1,八年,0/年,理科
2019,北京大学,电子信息类,8,四年,0/年,理科
2019,北京大学,计算机类,8,四年,0/年,理科
2019,北京大学,工科试验班类,5,四年,0/年,理科
2019,北京大学,天文学（天体物理、天文高新技术和应用）,5,四年,0/年,理科
2019,北京大学,化学类,5,四年,0/年,理科
2019,北京大学,生物科学类,5,四年,0/年,理科
2019,北京大学,地质学类,5,四年,0/年,理科
2019,北京大学,地球物理学类,5,四年,0/年,理科
2019,北京大学,环境科学（环境、生态、地理与资源环境）,5,四年,0/年,理科
2019,北京大学,城乡规划,5,四年,0/年,理科
2019,北京大学,环境科学与工程类,5,四年,0/年,理科
2019,北京大学,心理学类,5,四年,0/年,理科
2019,北京大学,信息管理与信息系统,5,四年,0/年,理科
2019,北京大学,中国语言文学类,4,四年,0/年,理科
2019,北京大学,国际政治（国政、外交学、国际政经）,4,四年,0/年,理科
2019,北京大学,法学,4,四年,0/年,理科
2019,北京大学,数学类,2,四年,0/年,理科
2019,北京大学,物理学类,2,四年,0/年,理科
2019,北京大学,考古学,2,四年,0/年,理科
2019,北京大学,文物保护技术,2,四年,0/年,理科
2019,北京大学,哲学类,2,四年,0/年,理科
2019,北京大学,经济学类,2,四年,0/年,理科
2019,北京大学,公共管理类,2,四年,0/年,理科
2019,北京大学,新闻传播学类,2,四年,0/年,理科
2019,北京大学,人文科学试验班,2,四年,0/年,理科
2019,北京大学,英语,2,四年,0/年,理科
2019,北京大学,理科试验班类,1,四年,0/年,理科
2019,北京大学,工商管理类,1,四年,0/年,理科
2019,浙江大学,工科试验班（信息）浦东校区,4,四年,0/年,理科
2019,浙江大学,理科试验班类（含拔尖人才培养）,3,四年,0/年,理科
2019,浙江大学,工科试验班聚居少数民族办学ZJUUIUC联合学院,2,四年,0/年,理科
2019,浙江大学,社会科学试验班,2,四年,0/年,理科
2019,浙江大学,工科试验班（能源、化工与高分子）,2,四年,0/年,理科
2019,浙江大学,工科试验班（机械与材料）,2,四年,0/年,理科
2019,浙江大学,工科试验班（电气与自动化）浦东校区,2,四年,0/年,理科
2019,浙江大学,工科试验班浦东校区竺可桢学院交叉创新平台,2,四年,0/年,理科
2019,浙江大学,科技与创意设计试验班浦东校区,2,四年,0/年,理科
2019,浙江大学,社会科学试验班,1,四年,0/年,理科
2019,浙江大学,理科试验班类（生命、环境、化学与地学含拔尖人才培养）,1,四年,0/年,理科
2019,浙江大学,工科试验班（建筑与土木）（五年制）,1,五年,0/年,理科
2019,浙江大学,工科试验班浦东校区,1,四年,0/年,理科
2019,浙江大学,医学试验班（八年医）浦东校区,1,八年,0/年,理科
2019,浙江大学,医学试验班类（“5+3”一体化培养）（5+3医）医学院,1,八年,0/年,理科
2019,上海交通大学,电子信息类长居汉族民族交大密西根学院,4,四年,0/年,理科
2019,上海交通大学,临床医学办学地点：医学院,3,八年,0/年,理科
2019,上海交通大学,电子信息类长居汉族民族,2,四年,0/年,理科
2019,上海交通大学,电子信息类长居汉族民族,2,四年,0/年,理科
2019,上海交通大学,人工智能长居汉族民族,2,四年,0/年,理科
2019,上海交通大学,临床医学办学地点：医学院,2,八年,0/年,理科
2019,上海交通大学,机械类,1,四年,0/年,理科
2019,上海交通大学,经济管理试验班长居汉族民族,1,四年,0/年,理科
2019,上海交通大学,理科试验班类长居汉族民族含致远,1,四年,0/年,理科
2019,上海交通大学,临床医学办学地点：医学院,1,八年,0/年,理科
2019,复旦大学,经济管理试验班,3,四年,0/年,理科
2019,复旦大学,经济学类（含荷兰格罗宁根大学双学位项目）,3,四年,0/年,理科
2019,复旦大学,临床医学医学院,3,八年,0/年,理科
2019,复旦大学,数学类,2,四年,0/年,理科
2019,复旦大学,自然科学试验班,1,四年,0/年,理科
2019,复旦大学,技术科学试验班,1,四年,0/年,理科
2019,复旦大学,工科试验班（新工科本研贯通）,1,四年,0/年,理科
2019,南京大学,理科试验班（数理科学类）乌苏校区,6,四年,0/年,理科
2019,南京大学,经济管理试验班兰州校区,4,四年,0/年,理科
2019,南京大学,理科试验班类兰州校区,4,四年,0/年,理科
2019,南京大学,计算机科学与技术乌苏校区,3,四年,0/年,理科
2019,南京大学,电子信息类阜新校区,3,四年,0/年,理科
2019,南京大学,理科试验班类（化学与生命科学类）乌苏校区,2,四年,0/年,理科
2019,南京大学,工科试验班乌苏校区,2,四年,0/年,理科
2019,南京大学,软件工程阜新校区,2,四年,0/年,理科
2019,南京大学,人工智能阜新校区,1,四年,0/年,理科
2019,中国科学技术大学,物理学类,4,四年,0/年,理科
2019,中国科学技术大学,理科试验班类,3,四年,0/年,理科
2019,中国科学技术大学,理科试验班类,2,四年,0/年,理科
2019,中国科学技术大学,数学类,2,四年,0/年,理科
2019,中国科学技术大学,工科试验班,2,四年,0/年,理科
2019,中国科学技术大学,电子信息类,2,四年,0/年,理科
2019,中国科学技术大学,工科试验班,1,四年,0/年,理科
2019,中国科学技术大学,化学类,1,四年,0/年,理科
2019,中国科学技术大学,材料类,1,四年,0/年,理科
2019,中国科学技术大学,计算机类,1,四年,0/年,理科
2019,中国科学技术大学,经济管理试验班成都校区,1,四年,0/年,理科
2019,华中科技大学,临床医学,4,五年,0/年,理科
2019,华中科技大学,材料类,4,四年,0/年,理科
2019,华中科技大学,电子信息类,4,四年,0/年,理科
2019,华中科技大学,电子信息类,4,四年,0/年,理科
2019,华中科技大学,计算机类,4,四年,0/年,理科
2019,华中科技大学,口腔医学,3,五年,0/年,理科
2019,华中科技大学,数学类,3,四年,0/年,理科
2019,华中科技大学,机械类,3,四年,0/年,理科
2019,华中科技大学,能源动力类,3,四年,0/年,理科
2019,华中科技大学,电气工程及其自动化,3,四年,0/年,理科
2019,华中科技大学,海洋工程类,3,四年,0/年,理科
2019,华中科技大学,计算机类,3,四年,0/年,理科
2019,华中科技大学,环境科学与工程类,3,四年,0/年,理科
2019,华中科技大学,临床医学（本硕博贯通培养）（八年医）,2,八年,0/年,理科
2019,华中科技大学,儿科学,2,五年,0/年,理科
2019,华中科技大学,预防医学,2,五年,0/年,理科
2019,华中科技大学,信息管理与信息系统（医学信息）,2,四年,0/年,理科
2019,华中科技大学,化学类,2,四年,0/年,理科
2019,华中科技大学,生物科学类,2,四年,0/年,理科
2019,华中科技大学,自动化类,2,四年,0/年,理科
2019,华中科技大学,建筑类,2,五年,0/年,理科
2019,华中科技大学,土木类,2,四年,0/年,理科
2019,华中科技大学,工商管理类,2,四年,0/年,理科
2019,华中科技大学,经济学类,2,四年,0/年,理科
2019,华中科技大学,飞行器设计与工程,2,四年,0/年,理科
2019,华中科技大学,物理学,2,四年,0/年,理科
2019,华中科技大学,生物科学,2,四年,0/年,理科
2019,华中科技大学,电气工程及其自动化,2,四年,0/年,理科
2019,华中科技大学,电子信息工程,2,四年,0/年,理科
2019,华中科技大学,光电信息科学与工程,2,四年,0/年,理科
2019,华中科技大学,计算机科学与技术,2,四年,0/年,理科
2019,武汉大学,计算机类,5,四年,0/年,理科
2019,武汉大学,理科试验班（资源与环境类）,4,四年,0/年,理科
2019,武汉大学,电气类,4,四年,0/年,理科
2019,武汉大学,电子信息类,4,四年,0/年,理科
2019,武汉大学,物理学类,3,四年,0/年,理科
2019,武汉大学,水利类,3,四年,0/年,理科
2019,武汉大学,工科试验班（动力与机械类）,3,四年,0/年,理科
2019,武汉大学,土木类,3,四年,0/年,理科
2019,武汉大学,遥感科学与技术,3,四年,0/年,理科
2019,武汉大学,测绘类,3,四年,0/年,理科
2019,武汉大学,理科试验班弘毅学堂,3,四年,0/年,理科
2019,武汉大学,金融学类,3,四年,0/年,理科
2019,武汉大学,计算机类国家网络安全学院,3,四年,0/年,理科
2019,武汉大学,社会科学试验班（信息管理类）,2,四年,0/年,理科
2019,武汉大学,经济学类,2,四年,0/年,理科
2019,武汉大学,工商管理类,2,四年,0/年,理科
2019,武汉大学,数学类,2,四年,0/年,理科
2019,武汉大学,化学类,2,四年,0/年,理科
2019,武汉大学,生物科学类,2,四年,0/年,理科
2019,武汉大学,建筑类,2,五年,0/年,理科
2019,武汉大学,轻工类,2,四年,0/年,理科
2019,武汉大学,临床医学（五加三一体化）（5+3医）,2,八年,0/年,理科
2019,武汉大学,口腔医学,2,五年,0/年,理科
2019,武汉大学,药学类,2,四年,0/年,理科
2019,武汉大学,工科试验班弘毅学堂,2,四年,0/年,理科
2019,武汉大学,建筑学,2,五年,0/年,理科
2019,西安交通大学,工科试验班（电类）,10,四年,0/年,理科
2019,西安交通大学,工科试验班（机类）,8,四年,0/年,理科
2019,西安交通大学,理科试验班,7,四年,0/年,理科
2019,西安交通大学,工科试验班（管工贯通）,6,四年,0/年,理科
2019,西安交通大学,会计学（ACCA）,4,四年,0/年,理科
2019,西安交通大学,人工智能,2,四年,0/年,理科
2019,西安交通大学,理科试验班（数学H）,2,四年,0/年,理科
2019,西安交通大学,经济学类,2,四年,0/年,理科
2019,中山大学,计算机类,4,四年,0/年,理科
2019,中山大学,临床医学,2,八年,0/年,理科
2019,中山大学,临床医学,2,五年,0/年,理科
2019,中山大学,口腔医学,2,五年,0/年,理科
2019,中山大学,工商管理类,2,四年,0/年,理科
2019,中山大学,电子信息类,2,四年,0/年,理科
2019,中山大学,经济学类,2,四年,0/年,理科
2019,中山大学,数学类,2,四年,0/年,理科
2019,中山大学,物理学类,2,四年,0/年,理科
2019,中山大学,生物科学类,2,四年,0/年,理科
2019,中山大学,临床医学,2,五年,0/年,理科
2019,中山大学,电子信息类,2,四年,0/年,理科
2019,中山大学,数学类,2,四年,0/年,理科
2019,中山大学,物理学类,2,四年,0/年,理科
2019,四川大学,工业工程,8,四年,0/年,理科
2019,四川大学,机械设计制造及其自动化,7,四年,0/年,理科
2019,四川大学,材料科学与工程,7,四年,0/年,理科
2019,四川大学,化学类,4,四年,0/年,理科
2019,四川大学,物理学类,3,四年,0/年,理科
2019,四川大学,电气工程及其自动化,3,四年,0/年,理科
2019,四川大学,计算机类,3,四年,0/年,理科
2019,四川大学,工科试验班（绿色化工与生物医药）,3,四年,0/年,理科
2019,四川大学,网络空间安全,3,四年,0/年,理科
2019,四川大学,临床医学,3,五年,0/年,理科
2019,四川大学,口腔医学,3,五年,0/年,理科
2019,四川大学,会计学（ACCA）,3,四年,0/年,理科
2019,四川大学,金融学类,2,四年,0/年,理科
2019,四川大学,经济学类,2,四年,0/年,理科
2019,四川大学,法学,2,四年,0/年,理科
2019,四川大学,新闻传播学类,2,四年,0/年,理科
2019,四川大学,西班牙语,2,四年,0/年,理科
2019,四川大学,公共管理类,2,四年,0/年,理科
2019,四川大学,数学与应用数学,2,四年,0/年,理科
2019,四川大学,数学与应用数学,2,四年,0/年,理科
2019,四川大学,数学类,2,四年,0/年,理科
2019,四川大学,核工程与核技术,2,四年,0/年,理科
2019,四川大学,微电子科学与工程,2,四年,0/年,理科
2019,四川大学,生物科学类,2,四年,0/年,理科
2019,四川大学,电子信息类,2,四年,0/年,理科
2019,四川大学,高分子材料与工程,2,四年,0/年,理科
2019,四川大学,材料类,2,四年,0/年,理科
2019,四川大学,机械类,2,四年,0/年,理科
2019,四川大学,自动化,2,四年,0/年,理科
2019,四川大学,环境工程,2,四年,0/年,理科
2019,四川大学,建筑学,2,五年,0/年,理科
2019,四川大学,土木工程,2,四年,0/年,理科
2019,四川大学,工科试验班（动力装备与安全）,2,四年,0/年,理科
2019,四川大学,轻工类,2,四年,0/年,理科
2019,四川大学,软件工程,2,四年,0/年,理科
2019,四川大学,基础医学（五年制）,2,五年,0/年,理科
2019,四川大学,法医学,2,五年,0/年,理科
2019,四川大学,临床医学（八年医）,2,八年,0/年,理科
2019,四川大学,临床医学（口腔）（八年医）,2,八年,0/年,理科
2019,四川大学,食品卫生与营养学,2,四年,0/年,理科
2019,四川大学,卫生检验与检疫,2,四年,0/年,理科
2019,四川大学,药学,2,四年,0/年,理科
2019,四川大学,临床药学,2,五年,0/年,理科
2019,四川大学,航空航天类,2,四年,0/年,理科
2019,四川大学,信息资源管理,2,四年,0/年,理科
2019,四川大学,马克思主义理论,1,四年,0/年,理科
2019,哈尔滨工业大学,工科试验班（航天与自动化）津南校区,11,四年,0/年,理科
2019,哈尔滨工业大学,工科试验班（智能装备）津南校区,8,四年,0/年,理科
2019,哈尔滨工业大学,工科试验班（计算机与电子通信）津南校区,7,四年,0/年,理科
2019,哈尔滨工业大学,工科试验班（智慧人居环境与智能交通）滨海校区,4,四年,0/年,理科
2019,哈尔滨工业大学,工科试验班（资源环境与新材料化工）滨海校区,3,四年,0/年,理科
2019,哈尔滨工业大学,经济管理试验班滨海校区,2,四年,0/年,理科
2019,哈尔滨工业大学,工科试验班（数学物理与光电科学）滨海校区,2,四年,0/年,理科
2019,北京航空航天大学,工科试验班类（航空H航天类）,83,四年,0/年,理科
2019,北京航空航天大学,工科试验班类（信息类）单列专业,69,四年,0/年,理科
2019,北京航空航天大学,理科试验班类马来西亚分校中法工程师学院,18,四年,0/年,理科
2019,北京航空航天大学,理科试验班类,18,四年,0/年,理科
2019,北京航空航天大学,理科试验班类大庆校区高等理工学院,17,四年,0/年,理科
2019,北京航空航天大学,工科试验班类马来西亚分校国际通用工程学院,7,四年,0/年,理科
2019,北京航空航天大学,工科试验班类,3,四年,0/年,理科
2019,东南大学,工科试验班（自动化电气测控类）北京,7,四年,0/年,理科
2019,东南大学,电子信息类北京,7,四年,0/年,理科
2019,东南大学,计算机类北京,6,四年,0/年,理科
2019,东南大学,工科试验班（机械能源材料类）北京,5,四年,0/年,理科
2019,东南大学,工科试验班（土木交通类）北京,5,四年,0/年,理科
2019,东南大学,建筑类,4,五年,0/年,理科
2019,东南大学,工科试验班北京,2,四年,0/年,理科
2019,北京理工大学,会计学,48,四年,0/年,理科
2019,北京理工大学,工科试验班（宇航与机电类）,30,四年,0/年,理科
2019,北京理工大学,工科试验班,30,四年,0/年,理科
2019,北京理工大学,工科试验班（信息科学技术）,30,四年,0/年,理科
2019,北京理工大学,理科试验班,30,四年,0/年,理科
2019,北京理工大学,电子信息工程,20,四年,0/年,理科
2019,北京理工大学,经济管理试验班,10,四年,0/年,理科
2019,北京理工大学,理科试验班,5,四年,0/年,理科
2019,北京理工大学,设计学类,5,四年,0/年,理科
2019,同济大学,工科试验班（信息类）,6,四年,0/年,理科
2019,同济大学,机械类,6,四年,0/年,理科
2019,同济大学,工科试验班（建筑城规景观与设计类）,4,四年,0/年,理科
2019,同济大学,工科试验班（土木与环境类）,4,四年,0/年,理科
2019,同济大学,工科试验班（智能交通与车辆类）,3,四年,0/年,理科
2019,同济大学,经济管理试验班,2,四年,0/年,理科
2019,中国人民大学,理科试验班,16,四年,0/年,理科
2019,中国人民大学,工商管理类,12,四年,0/年,理科
2019,中国人民大学,金融学类,11,四年,0/年,理科
2019,中国人民大学,经济学类,9,四年,0/年,理科
2019,中国人民大学,人力资源管理,5,四年,0/年,理科
2019,中国人民大学,财政学类,3,四年,0/年,理科
2019,中国人民大学,法学,3,四年,0/年,理科
2019,中国人民大学,国际政治,3,四年,0/年,理科
2019,中国人民大学,社会学类,2,四年,0/年,理科
2019,中国人民大学,新闻传播学类,2,四年,0/年,理科
2019,中国人民大学,社会科学试验班（管理学科类）,2,四年,0/年,理科
2019,北京师范大学,数学与应用数学,7,四年,0/年,理科
2019,北京师范大学,心理学,7,四年,0/年,理科
2019,北京师范大学,理科试验班,5,四年,0/年,理科
2019,北京师范大学,化学,4,四年,0/年,理科
2019,北京师范大学,教育学国家试点学院,4,四年,0/年,理科
2019,北京师范大学,生物科学类,4,四年,0/年,理科
2019,北京师范大学,统计学,4,四年,0/年,理科
2019,北京师范大学,环境科学与工程类,3,四年,0/年,理科
2019,北京师范大学,国际经济与贸易,3,四年,0/年,理科
2019,北京师范大学,英语,3,四年,0/年,理科
2019,北京师范大学,地理科学类,2,四年,0/年,理科
2019,北京师范大学,资源环境科学,2,四年,0/年,理科
2019,北京师范大学,法学,2,四年,0/年,理科
2019,北京师范大学,会计学,2,四年,0/年,理科
2019,北京师范大学,金融学,2,四年,0/年,理科
2019,北京师范大学,经济学,2,四年,0/年,理科
2019,北京师范大学,天文学,2,四年,0/年,理科
2019,北京师范大学,物理学,2,四年,0/年,理科
2019,北京师范大学,物理学,2,四年,0/年,理科
2019,北京师范大学,电子信息科学与技术,2,四年,0/年,理科
2019,北京师范大学,计算机科学与技术,2,四年,0/年,理科
2019,北京师范大学,人力资源管理,2,四年,0/年,理科
2019,北京师范大学,政治学、经济学与哲学,2,四年,0/年,理科
2019,南开大学,工商管理类（含工商、图档、管科、国会）佳木斯市,4,四年,0/年,理科
2019,南开大学,数学类招朝鲜族考生,3,四年,0/年,理科
2019,南开大学,化学类佳木斯市,3,四年,0/年,理科
2019,南开大学,物理学类佳木斯市,2,四年,0/年,理科
2019,南开大学,经济学类佳木斯市,2,四年,0/年,理科
2019,南开大学,电子信息类佳木斯市,2,四年,0/年,理科
2019,南开大学,计算机类佳木斯市,2,四年,0/年,理科
2019,南开大学,环境科学与工程类,2,四年,0/年,理科
2019,南开大学,临床医学（5+3医）,2,八年,0/年,理科
2019,南开大学,金融学类,2,四年,0/年,理科
2019,南开大学,软件工程,2,四年,0/年,理科
2019,南开大学,口腔医学,1,五年,0/年,理科
2019,南开大学,眼视光医学,1,五年,0/年,理科
